[
  {
    "content": "minecraft:dirt",
    "amount": {
      "min": 16,
      "max": 128
    },
    "unitWorth": 5,
    "weight": 100
  },
  {
    "content": "minecraft:clay",
    "amount": {
      "min": 32,
      "max": 64
    },
    "unitWorth": 15,
    "weight": 100
  },
    {
    "content": "minecraft:glowstone",
    "amount": {
      "min": 32,
      "max": 64
    },
    "unitWorth": 25,
    "weight": 100
  },
  {
    "content": "minecraft:gravel",
    "amount": {
      "min": 16,
      "max": 128
    },
    "unitWorth": 10,
    "weight": 100
  },
  {
    "content": "minecraft:stone",
    "amount": {
      "min": 16,
      "max": 128
    },
    "unitWorth": 20,
    "weight": 100
  },
  {
    "content": "minecraft:cobblestone",
    "amount": {
      "min": 16,
      "max": 128
    },
    "unitWorth": 7,
    "weight": 100
  },
  {
    "content": "minecraft:fish",
    "amount": {
      "min": 2,
      "max": 32
    },
    "unitWorth": 80,
    "weight": 100
  },
  {
    "content": "minecraft:apple",
    "amount": {
      "min": 2,
      "max": 32
    },
    "unitWorth": 70,
    "weight": 100
  },
  {
    "content": "minecraft:book",
    "amount": {
      "min": 2,
      "max": 16
    },
    "unitWorth": 80,
    "weight": 100
  },
  {
    "content": "minecraft:cactus",
    "amount": {
      "min": 2,
      "max": 32
    },
    "unitWorth": 80,
    "weight": 100
  },
  {
    "content": "minecraft:diamond",
    "amount": {
      "min": 1,
      "max": 8
    },
    "unitWorth": 1600,
    "weight": 100
  },
  {
    "content": "minecraft:dispenser",
    "amount": {
      "min": 1,
      "max": 6
    },
    "unitWorth": 200,
    "weight": 100
  },
  {
    "content": "minecraft:bookshelf",
    "amount": {
      "min": 8,
      "max": 32
    },
    "unitWorth": 10,
    "weight": 100
  },
  {
    "content": "minecraft:sticky_piston",
    "amount": {
      "min": 1,
      "max": 6
    },
    "unitWorth": 200,
    "weight": 100
  },
  {
    "content": "minecraft:iron_ingot",
    "amount": {
      "min": 1,
      "max": 32
    },
    "unitWorth": 200,
    "weight": 100
  },
  {
    "content": "minecraft:red_flower:7",
    "amount": {
      "min": 64,
      "max": 64
    },
    "unitWorth": 50,
    "weight": 20
  },
  {
    "content": "minecraft:bread",
    "amount": {
      "min": 1,
      "max": 12
    },
    "unitWorth": 60,
    "weight": 100
  },
  {
    "content": "minecraft:rotten_flesh",
    "amount": {
      "min": 1,
      "max": 24
    },
    "unitWorth": 55,
    "weight": 100
  },
  {
    "content": "minecraft:sign",
    "amount": {
      "min": 1,
      "max": 16
    },
    "unitWorth": 65,
    "weight": 100
  },
  {
    "content": "minecraft:slime_ball",
    "amount": {
      "min": 1,
      "max": 32
    },
    "unitWorth": 60,
    "weight": 100
  },
  {
    "content": "minecraft:spider_eye",
    "amount": {
      "min": 1,
      "max": 16
    },
    "unitWorth": 75,
    "weight": 100
  },
  {
    "content": "minecraft:string",
    "amount": {
      "min": 1,
      "max": 24
    },
    "unitWorth": 35,
    "weight": 100
  },
  {
    "content": "minecraft:sugar",
    "amount": {
      "min": 1,
      "max": 64
    },
    "unitWorth": 55,
    "weight": 100
  },
  {
    "content": "minecraft:tripwire_hook",
    "amount": {
      "min": 1,
      "max": 8
    },
    "unitWorth": 70,
    "weight": 100
  },
  {
    "content": "minecraft:wheat",
    "amount": {
      "min": 1,
      "max": 48
    },
    "unitWorth": 20,
    "weight": 100
  },
  {
    "content": "entity:zombie",
    "amount": {
      "min": 3,
      "max": 10
    },
    "unitWorth": 120,
    "weight": 300
  },
  {
    "content": "entity:skeleton",
    "amount": {
      "min": 3,
      "max": 10
    },
    "unitWorth": 140,
    "weight": 250
  },
  {
    "content": "entity:slime",
    "amount": {
      "min": 3,
      "max": 15
    },
    "unitWorth": 120,
    "weight": 250
  },
  {
    "content": "entity:creeper",
    "amount": {
      "min": 3,
      "max": 10
    },
    "unitWorth": 200,
    "weight": 200
  },
  {
    "content": "entity:ghast",
    "amount": {
      "min": 3,
      "max": 10
    },
    "unitWorth": 200,
    "weight": 200
  },
  {
    "content": "entity:enderman",
    "amount": {
      "min": 50,
      "max": 66
    },
    "unitWorth": 200,
    "weight": 40
  }
]