{
  "tools": {
    "axe": {
      "name": "Axe",
      "icon": "minecraft:diamond_axe",
      "toollist": [
        "cavern:aquamarine_axe",
        "cavern:composite_axe",
        "cavern:hexcite_axe",
        "cavern:ice_axe",
        "cavern:magnite_axe",
        "cavern:manalite_axe",
        "extrautils2:fireaxe",
        "minecraft:diamond_axe",
        "minecraft:golden_axe",
        "minecraft:iron_axe",
        "minecraft:stone_axe",
        "minecraft:wooden_axe",
        "mysticalagriculture:inferium_axe",
        "mysticalagriculture:intermedium_axe",
        "mysticalagriculture:prudentium_axe",
        "mysticalagriculture:superium_axe",
        "mysticalagriculture:supremium_axe",
        "randomloot:axe",
        "thermalfoundation:tool.axe_aluminum",
        "thermalfoundation:tool.axe_bronze",
        "thermalfoundation:tool.axe_constantan",
        "thermalfoundation:tool.axe_copper",
        "thermalfoundation:tool.axe_electrum",
        "thermalfoundation:tool.axe_invar",
        "thermalfoundation:tool.axe_lead",
        "thermalfoundation:tool.axe_nickel",
        "thermalfoundation:tool.axe_platinum",
        "thermalfoundation:tool.axe_silver",
        "thermalfoundation:tool.axe_steel",
        "thermalfoundation:tool.axe_tin"
      ],
      "blocklist": [
        "aether_legacy:aether_leaves",
        "aether_legacy:aether_log",
        "aether_legacy:crystal_leaves",
        "aether_legacy:holiday_leaves",
        "cavern:perverted_leaves",
        "ebwizardry:crystal_ore",
        "extrautils2:ironwood_leaves",
        "extrautils2:ironwood_log",
        "minecraft:fence",
        "minecraft:leaves",
        "minecraft:leaves2",
        "minecraft:log",
        "minecraft:log2",
        "pvj:leaves_aspen/0",
        "pvj:leaves_baobab/0",
        "pvj:leaves_cottonwood/0",
        "pvj:leaves_fir/0",
        "pvj:leaves_jacaranda/0",
        "pvj:leaves_juniper/0",
        "pvj:leaves_juniper_berried/0",
        "pvj:leaves_mangrove/0",
        "pvj:leaves_orange_maple/0",
        "pvj:leaves_palm/0",
        "pvj:leaves_pine/0",
        "pvj:leaves_pink_cherry_blossom/0",
        "pvj:leaves_red_maple/0",
        "pvj:leaves_redwood/0",
        "pvj:leaves_white_cherry_blossom/0",
        "pvj:leaves_willow/0",
        "pvj:log_aspen/0",
        "pvj:log_baobab/0",
        "pvj:log_cherry_blossom/0",
        "pvj:log_cottonwood/0",
        "pvj:log_fir/0",
        "pvj:log_jacaranda/0",
        "pvj:log_juniper/0",
        "pvj:log_mangrove/0",
        "pvj:log_maple/0",
        "pvj:log_palm/0",
        "pvj:log_pine/0",
        "pvj:log_redwood/0",
        "pvj:log_willow/0",
        "rustic:leaves/0",
        "rustic:leaves/1",
        "rustic:leaves/2",
        "rustic:leaves/3",
        "rustic:leaves/4",
        "rustic:leaves/5",
        "rustic:leaves/6",
        "rustic:leaves/7",
        "rustic:leaves/8",
        "rustic:leaves/9",
        "rustic:leaves/10",
        "rustic:leaves/11",
        "rustic:leaves/12",
        "rustic:leaves/13",
        "rustic:leaves/14",
        "rustic:leaves/15",
        "rustic:leaves_apple/0",
        "rustic:leaves_apple/1",
        "rustic:leaves_apple/2",
        "rustic:leaves_apple/3",
        "rustic:leaves_apple/4",
        "rustic:leaves_apple/5",
        "rustic:leaves_apple/6",
        "rustic:leaves_apple/7",
        "rustic:leaves_apple/8",
        "rustic:leaves_apple/9",
        "rustic:leaves_apple/10",
        "rustic:leaves_apple/11",
        "rustic:leaves_apple/12",
        "rustic:leaves_apple/13",
        "rustic:leaves_apple/14",
        "rustic:leaves_apple/15",
        "rustic:log/0",
        "rustic:log/1",
        "subswitch:clayore",
        "subswitch:coalronore",
        "subswitch:goldiamondore",
        "subswitch:obsidianore",
        "subswitch:redgoldore",
        "subswitch:redironore",
        "thebetweenlands:giant_root",
        "thebetweenlands:giant_root/0",
        "thebetweenlands:leaves_hearthgrove_tree/0",
        "thebetweenlands:leaves_nibbletwig_tree/0",
        "thebetweenlands:leaves_rubber_tree/0",
        "thebetweenlands:leaves_sap_tree/0",
        "thebetweenlands:leaves_spirit_tree_bottom/0",
        "thebetweenlands:leaves_spirit_tree_middle/0",
        "thebetweenlands:leaves_spirit_tree_top/0",
        "thebetweenlands:leaves_weedwood_tree/0",
        "thebetweenlands:log_hearthgrove",
        "thebetweenlands:log_hearthgrove/0",
        "thebetweenlands:log_nibbletwig",
        "thebetweenlands:log_nibbletwig/0",
        "thebetweenlands:log_rubber",
        "thebetweenlands:log_rubber/0",
        "thebetweenlands:log_sap",
        "thebetweenlands:log_sap/0",
        "thebetweenlands:log_spirit_tree",
        "thebetweenlands:log_weedwood",
        "thebetweenlands:log_weedwood/0",
        "thebetweenlands:weedwood",
        "thebetweenlands:weedwood/0",
        "totemic:cedar_leaves/0",
        "totemic:cedar_log/0",
        "tropicraft:leaves",
        "tropicraft:leaves_fruit",
        "tropicraft:log",
        "twilightforest:dark_leaves",
        "twilightforest:magic_leaves",
        "twilightforest:magic_log",
        "twilightforest:twilight_leaves",
        "twilightforest:twilight_leaves_3",
        "twilightforest:twilight_log"
      ]
    },
    "hoe": {
      "name": "Hoe",
      "icon": "minecraft:diamond_hoe",
      "toollist": [
        "cavern:composite_hoe",
        "cavern:hexcite_hoe",
        "cavern:ice_hoe",
        "extrautils2:sickle_diamond",
        "extrautils2:sickle_gold",
        "extrautils2:sickle_iron",
        "extrautils2:sickle_stone",
        "extrautils2:sickle_wood",
        "minecraft:diamond_hoe",
        "minecraft:golden_hoe",
        "minecraft:iron_hoe",
        "minecraft:stone_hoe",
        "minecraft:wooden_hoe",
        "mysticalagriculture:inferium_hoe",
        "mysticalagriculture:inferium_scythe",
        "mysticalagriculture:inferium_sickle",
        "mysticalagriculture:intermedium_hoe",
        "mysticalagriculture:intermedium_scythe",
        "mysticalagriculture:intermedium_sickle",
        "mysticalagriculture:prudentium_hoe",
        "mysticalagriculture:prudentium_scythe",
        "mysticalagriculture:prudentium_sickle",
        "mysticalagriculture:superium_hoe",
        "mysticalagriculture:superium_scythe",
        "mysticalagriculture:superium_sickle",
        "mysticalagriculture:supremium_hoe",
        "mysticalagriculture:supremium_scythe",
        "mysticalagriculture:supremium_sickle",
        "thermalfoundation:tool.hoe_aluminum",
        "thermalfoundation:tool.hoe_bronze",
        "thermalfoundation:tool.hoe_constantan",
        "thermalfoundation:tool.hoe_copper",
        "thermalfoundation:tool.hoe_electrum",
        "thermalfoundation:tool.hoe_invar",
        "thermalfoundation:tool.hoe_lead",
        "thermalfoundation:tool.hoe_nickel",
        "thermalfoundation:tool.hoe_platinum",
        "thermalfoundation:tool.hoe_silver",
        "thermalfoundation:tool.hoe_steel",
        "thermalfoundation:tool.hoe_tin",
        "thermalfoundation:tool.sickle_aluminum",
        "thermalfoundation:tool.sickle_bronze",
        "thermalfoundation:tool.sickle_constantan",
        "thermalfoundation:tool.sickle_copper",
        "thermalfoundation:tool.sickle_diamond",
        "thermalfoundation:tool.sickle_electrum",
        "thermalfoundation:tool.sickle_gold",
        "thermalfoundation:tool.sickle_invar",
        "thermalfoundation:tool.sickle_iron",
        "thermalfoundation:tool.sickle_lead",
        "thermalfoundation:tool.sickle_nickel",
        "thermalfoundation:tool.sickle_platinum",
        "thermalfoundation:tool.sickle_silver",
        "thermalfoundation:tool.sickle_steel",
        "thermalfoundation:tool.sickle_stone",
        "thermalfoundation:tool.sickle_tin",
        "thermalfoundation:tool.sickle_wood"
      ],
      "blocklist": [
        "minecraft:carrots",
        "minecraft:melon_block",
        "minecraft:potatoes",
        "minecraft:pumpkin",
        "minecraft:wheat"
      ]
    },
    "pickaxe": {
      "name": "Pickaxe",
      "icon": "minecraft:diamond_pickaxe",
      "toollist": [
        "cavern:aquamarine_pickaxe",
        "cavern:composite_pickaxe",
        "cavern:hexcite_pickaxe",
        "cavern:ice_pickaxe",
        "cavern:magnite_pickaxe",
        "minecraft:diamond_pickaxe",
        "minecraft:golden_pickaxe",
        "minecraft:iron_pickaxe",
        "minecraft:stone_pickaxe",
        "minecraft:wooden_pickaxe",
        "mysticalagriculture:inferium_pickaxe",
        "mysticalagriculture:intermedium_pickaxe",
        "mysticalagriculture:prudentium_pickaxe",
        "mysticalagriculture:superium_pickaxe",
        "mysticalagriculture:supremium_pickaxe",
        "randomloot:pickaxe",
        "thermalfoundation:tool.hammer_aluminum",
        "thermalfoundation:tool.hammer_bronze",
        "thermalfoundation:tool.hammer_constantan",
        "thermalfoundation:tool.hammer_copper",
        "thermalfoundation:tool.hammer_diamond",
        "thermalfoundation:tool.hammer_electrum",
        "thermalfoundation:tool.hammer_gold",
        "thermalfoundation:tool.hammer_invar",
        "thermalfoundation:tool.hammer_iron",
        "thermalfoundation:tool.hammer_lead",
        "thermalfoundation:tool.hammer_nickel",
        "thermalfoundation:tool.hammer_platinum",
        "thermalfoundation:tool.hammer_silver",
        "thermalfoundation:tool.hammer_steel",
        "thermalfoundation:tool.hammer_stone",
        "thermalfoundation:tool.hammer_tin",
        "thermalfoundation:tool.hammer_wood",
        "thermalfoundation:tool.pickaxe_aluminum",
        "thermalfoundation:tool.pickaxe_bronze",
        "thermalfoundation:tool.pickaxe_constantan",
        "thermalfoundation:tool.pickaxe_copper",
        "thermalfoundation:tool.pickaxe_electrum",
        "thermalfoundation:tool.pickaxe_invar",
        "thermalfoundation:tool.pickaxe_lead",
        "thermalfoundation:tool.pickaxe_nickel",
        "thermalfoundation:tool.pickaxe_platinum",
        "thermalfoundation:tool.pickaxe_silver",
        "thermalfoundation:tool.pickaxe_steel",
        "thermalfoundation:tool.pickaxe_tin"
      ],
      "blocklist": [
        "aether_legacy:ambrosium_ore/0",
        "aether_legacy:gravitite_ore/0",
        "aether_legacy:zanite_ore/0",
        "cavern:cave_block/0",
        "cavern:cave_block/2",
        "cavern:cave_block/4",
        "cavern:cave_block/5",
        "dungeontactics:ore_enddiamond/0",
        "dungeontactics:ore_endlapis/0",
        "dungeontactics:ore_nethergold/0",
        "dungeontactics:ore_stonequartz/0",
        "minecraft:coal_ore",
        "minecraft:cobblestone_wall",
        "minecraft:diamond_ore",
        "minecraft:emerald_ore",
        "minecraft:glowstone",
        "minecraft:gold_ore",
        "minecraft:iron_ore",
        "minecraft:lapis_ore",
        "minecraft:lit_redstone_ore",
        "minecraft:mossy_cobblestone",
        "minecraft:nether_brick_fence",
        "minecraft:obsidian",
        "minecraft:quartz_ore",
        "minecraft:redstone_ore",
        "mysticalagriculture:end_inferium_ore/0",
        "mysticalagriculture:end_prosperity_ore/0",
        "mysticalagriculture:inferium_ore/0",
        "mysticalagriculture:nether_inferium_ore/0",
        "mysticalagriculture:nether_prosperity_ore/0",
        "mysticalagriculture:prosperity_ore/0",
        "nex:amethyst_ore/0",
        "nex:quartz_ore/0",
        "nex:quartz_ore/1",
        "nex:quartz_ore/2",
        "nex:quartz_ore/3",
        "nex:rime_ore/0",
        "thebetweenlands:aqua_middle_gem_ore/0",
        "thebetweenlands:crimson_middle_gem_ore/0",
        "thebetweenlands:green_middle_gem_ore/0",
        "thebetweenlands:life_crystal_stalactite/0",
        "thebetweenlands:life_crystal_stalactite/1",
        "thebetweenlands:octine_ore/0",
        "thebetweenlands:scabyst_ore/0",
        "thebetweenlands:slimy_bone_ore/0",
        "thebetweenlands:sulfur_ore/0",
        "thebetweenlands:syrmorite_ore/0",
        "thebetweenlands:valonite_ore/0",
        "thermalfoundation:ore/0",
        "thermalfoundation:ore/1",
        "thermalfoundation:ore/2",
        "thermalfoundation:ore/3",
        "thermalfoundation:ore/4",
        "thermalfoundation:ore/5",
        "thermalfoundation:ore/6",
        "thermalfoundation:ore/7",
        "thermalfoundation:ore/8",
        "thermalfoundation:ore_fluid/0",
        "thermalfoundation:ore_fluid/1",
        "thermalfoundation:ore_fluid/2",
        "thermalfoundation:ore_fluid/3",
        "thermalfoundation:ore_fluid/4",
        "tropicraft:ore/0",
        "tropicraft:ore/1",
        "tropicraft:ore/2",
        "tropicraft:ore/3",
        "vanillafoodpantry:natron_ore/0",
        "vanillafoodpantry:rock_salt_ore/0",
        "vanillafoodpantry:rock_salt_ore_nether/0",
        "vanillafoodpantry:trona_ore/0"
      ]
    },
    "shears": {
      "name": "Shears",
      "icon": "minecraft:shears",
      "toollist": [
        "minecraft:shears",
        "mysticalagriculture:inferium_shears",
        "mysticalagriculture:intermedium_shears",
        "mysticalagriculture:prudentium_shears",
        "mysticalagriculture:superium_shears",
        "mysticalagriculture:supremium_shears",
        "thermalfoundation:tool.shears_aluminum",
        "thermalfoundation:tool.shears_bronze",
        "thermalfoundation:tool.shears_constantan",
        "thermalfoundation:tool.shears_copper",
        "thermalfoundation:tool.shears_diamond",
        "thermalfoundation:tool.shears_electrum",
        "thermalfoundation:tool.shears_gold",
        "thermalfoundation:tool.shears_invar",
        "thermalfoundation:tool.shears_lead",
        "thermalfoundation:tool.shears_nickel",
        "thermalfoundation:tool.shears_platinum",
        "thermalfoundation:tool.shears_silver",
        "thermalfoundation:tool.shears_steel",
        "thermalfoundation:tool.shears_stone",
        "thermalfoundation:tool.shears_tin",
        "thermalfoundation:tool.shears_wood"
      ],
      "blocklist": [
        "aether_legacy:aether_leaves",
        "aether_legacy:crystal_leaves",
        "aether_legacy:holiday_leaves",
        "cavern:perverted_leaves",
        "extrautils2:ironwood_leaves",
        "minecraft:deadbush",
        "minecraft:leaves",
        "minecraft:leaves2",
        "minecraft:tallgrass",
        "minecraft:vine",
        "minecraft:web",
        "minecraft:wool",
        "pvj:leaves_aspen/0",
        "pvj:leaves_baobab/0",
        "pvj:leaves_cottonwood/0",
        "pvj:leaves_fir/0",
        "pvj:leaves_jacaranda/0",
        "pvj:leaves_juniper/0",
        "pvj:leaves_juniper_berried/0",
        "pvj:leaves_mangrove/0",
        "pvj:leaves_orange_maple/0",
        "pvj:leaves_palm/0",
        "pvj:leaves_pine/0",
        "pvj:leaves_pink_cherry_blossom/0",
        "pvj:leaves_red_maple/0",
        "pvj:leaves_redwood/0",
        "pvj:leaves_white_cherry_blossom/0",
        "pvj:leaves_willow/0",
        "rustic:leaves/0",
        "rustic:leaves/1",
        "rustic:leaves/2",
        "rustic:leaves/3",
        "rustic:leaves/4",
        "rustic:leaves/5",
        "rustic:leaves/6",
        "rustic:leaves/7",
        "rustic:leaves/8",
        "rustic:leaves/9",
        "rustic:leaves/10",
        "rustic:leaves/11",
        "rustic:leaves/12",
        "rustic:leaves/13",
        "rustic:leaves/14",
        "rustic:leaves/15",
        "rustic:leaves_apple/0",
        "rustic:leaves_apple/1",
        "rustic:leaves_apple/2",
        "rustic:leaves_apple/3",
        "rustic:leaves_apple/4",
        "rustic:leaves_apple/5",
        "rustic:leaves_apple/6",
        "rustic:leaves_apple/7",
        "rustic:leaves_apple/8",
        "rustic:leaves_apple/9",
        "rustic:leaves_apple/10",
        "rustic:leaves_apple/11",
        "rustic:leaves_apple/12",
        "rustic:leaves_apple/13",
        "rustic:leaves_apple/14",
        "rustic:leaves_apple/15",
        "thebetweenlands:leaves_hearthgrove_tree/0",
        "thebetweenlands:leaves_nibbletwig_tree/0",
        "thebetweenlands:leaves_rubber_tree/0",
        "thebetweenlands:leaves_sap_tree/0",
        "thebetweenlands:leaves_spirit_tree_bottom/0",
        "thebetweenlands:leaves_spirit_tree_middle/0",
        "thebetweenlands:leaves_spirit_tree_top/0",
        "thebetweenlands:leaves_weedwood_tree/0",
        "totemic:cedar_leaves/0",
        "tropicraft:leaves",
        "tropicraft:leaves_fruit",
        "twilightforest:dark_leaves",
        "twilightforest:magic_leaves",
        "twilightforest:twilight_leaves",
        "twilightforest:twilight_leaves_3"
      ]
    },
    "shovel": {
      "name": "Shovel",
      "icon": "minecraft:diamond_shovel",
      "toollist": [
        "cavern:aquamarine_shovel",
        "cavern:composite_shovel",
        "cavern:hexcite_shovel",
        "cavern:ice_shovel",
        "cavern:magnite_shovel",
        "minecraft:diamond_shovel",
        "minecraft:golden_shovel",
        "minecraft:iron_shovel",
        "minecraft:stone_shovel",
        "minecraft:wooden_shovel",
        "mysticalagriculture:inferium_shovel",
        "mysticalagriculture:intermedium_shovel",
        "mysticalagriculture:prudentium_shovel",
        "mysticalagriculture:superium_shovel",
        "mysticalagriculture:supremium_shovel",
        "randomloot:shovel",
        "thermalfoundation:tool.shovel_aluminum",
        "thermalfoundation:tool.shovel_bronze",
        "thermalfoundation:tool.shovel_constantan",
        "thermalfoundation:tool.shovel_copper",
        "thermalfoundation:tool.shovel_electrum",
        "thermalfoundation:tool.shovel_invar",
        "thermalfoundation:tool.shovel_lead",
        "thermalfoundation:tool.shovel_nickel",
        "thermalfoundation:tool.shovel_platinum",
        "thermalfoundation:tool.shovel_silver",
        "thermalfoundation:tool.shovel_steel",
        "thermalfoundation:tool.shovel_tin"
      ],
      "blocklist": [
        "minecraft:clay",
        "minecraft:gravel"
      ]
    }
  }
}