{
  "format:8": "2.0.0",
  "questDatabase:9": {
    "0:10": {
      "questID:3": 0,
      "preRequisites:11": [],
      "properties:10": {
        "betterquesting:10": {
          "issilent:1": 0,
          "snd_complete:8": "minecraft:entity.player.levelup",
          "lockedprogress:1": 0,
          "tasklogic:8": "AND",
          "repeattime:3": -1,
          "simultaneous:1": 0,
          "icon:10": {
            "id:8": "tropicraft:chair",
            "Count:3": 1,
            "Damage:2": 15,
            "OreDict:8": ""
          },
          "globalshare:1": 0,
          "questlogic:8": "AND",
          "partysinglereward:1": 0,
          "snd_update:8": "minecraft:entity.player.levelup",
          "autoclaim:1": 0,
          "ismain:1": 0,
          "name:8": "First: a chair!",
          "desc:8": "Craft a white beach chair (but it\u0027s available in all 16 wool colors)"
        }
      },
      "tasks:9": {
        "0:10": {
          "partialMatch:1": 1,
          "autoConsume:1": 0,
          "groupDetect:1": 0,
          "ignoreNBT:1": 0,
          "index:3": 0,
          "consume:1": 0,
          "requiredItems:9": {
            "0:10": {
              "id:8": "tropicraft:chair",
              "Count:3": 1,
              "OreDict:8": "",
              "Damage:3": 15
            }
          },
          "taskID:8": "bq_standard:retrieval"
        }
      },
      "rewards:9": {}
    },
    "1:10": {
      "questID:3": 1,
      "preRequisites:11": [],
      "properties:10": {
        "betterquesting:10": {
          "issilent:1": 0,
          "snd_complete:8": "minecraft:entity.player.levelup",
          "lockedprogress:1": 0,
          "tasklogic:8": "AND",
          "repeattime:3": -1,
          "simultaneous:1": 0,
          "icon:10": {
            "id:8": "tropicraft:cocktail",
            "Count:3": 1,
            "tag:10": {
              "Ingredients:9": {
                "0:10": {
                  "IngredientID:1": 9
                },
                "1:10": {
                  "IngredientID:1": 11
                }
              },
              "Color:3": 15724527,
              "DrinkID:1": 6
            },
            "Damage:2": 0,
            "OreDict:8": ""
          },
          "globalshare:1": 0,
          "questlogic:8": "AND",
          "partysinglereward:1": 0,
          "snd_update:8": "minecraft:entity.player.levelup",
          "autoclaim:1": 0,
          "ismain:1": 0,
          "name:8": "Second: Piña Colada",
          "desc:8": "Craft a Piña Colada"
        }
      },
      "tasks:9": {
        "0:10": {
          "partialMatch:1": 1,
          "autoConsume:1": 0,
          "groupDetect:1": 0,
          "ignoreNBT:1": 0,
          "index:3": 0,
          "consume:1": 0,
          "requiredItems:9": {
            "0:10": {
              "id:8": "tropicraft:pineapple",
              "Count:3": 1,
              "OreDict:8": "",
              "Damage:3": 0
            },
            "1:10": {
              "id:8": "tropicraft:coconut",
              "Count:3": 1,
              "OreDict:8": "",
              "Damage:3": 0
            }
          },
          "taskID:8": "bq_standard:retrieval"
        },
        "1:10": {
          "partialMatch:1": 1,
          "autoConsume:1": 0,
          "groupDetect:1": 0,
          "ignoreNBT:1": 0,
          "index:3": 1,
          "consume:1": 0,
          "requiredItems:9": {
            "0:10": {
              "id:8": "tropicraft:cocktail",
              "Count:3": 1,
              "tag:10": {
                "Ingredients:9": {
                  "0:10": {
                    "IngredientID:1": 9
                  },
                  "1:10": {
                    "IngredientID:1": 11
                  }
                },
                "Color:3": 15724527,
                "DrinkID:1": 6
              },
              "OreDict:8": "",
              "Damage:3": 0
            }
          },
          "taskID:8": "bq_standard:retrieval"
        }
      },
      "rewards:9": {}
    },
    "2:10": {
      "questID:3": 2,
      "preRequisites:11": [
        31
      ],
      "properties:10": {
        "betterquesting:10": {
          "issilent:1": 0,
          "snd_complete:8": "minecraft:entity.player.levelup",
          "lockedprogress:1": 0,
          "tasklogic:8": "AND",
          "repeattime:3": -1,
          "simultaneous:1": 0,
          "icon:10": {
            "id:8": "tropicraft:ore",
            "Count:3": 1,
            "Damage:2": 1,
            "OreDict:8": ""
          },
          "globalshare:1": 0,
          "questlogic:8": "AND",
          "partysinglereward:1": 0,
          "snd_update:8": "minecraft:entity.player.levelup",
          "autoclaim:1": 0,
          "ismain:1": 0,
          "name:8": "",
          "desc:8": ""
        }
      },
      "tasks:9": {
        "0:10": {
          "partialMatch:1": 1,
          "autoConsume:1": 0,
          "groupDetect:1": 0,
          "ignoreNBT:1": 0,
          "index:3": 0,
          "consume:1": 0,
          "requiredItems:9": {
            "0:10": {
              "id:8": "tropicraft:ore",
              "Count:3": 1,
              "OreDict:8": "",
              "Damage:3": 1
            }
          },
          "taskID:8": "bq_standard:retrieval"
        }
      },
      "rewards:9": {}
    },
    "3:10": {
      "questID:3": 3,
      "preRequisites:11": [
        0,
        1
      ],
      "properties:10": {
        "betterquesting:10": {
          "issilent:1": 0,
          "snd_complete:8": "minecraft:entity.player.levelup",
          "lockedprogress:1": 0,
          "tasklogic:8": "AND",
          "repeattime:3": -1,
          "simultaneous:1": 0,
          "icon:10": {
            "id:8": "minecraft:double_plant",
            "Count:3": 1,
            "Damage:2": 0,
            "OreDict:8": ""
          },
          "globalshare:1": 0,
          "questlogic:8": "AND",
          "partysinglereward:1": 0,
          "snd_update:8": "minecraft:entity.player.levelup",
          "autoclaim:1": 0,
          "ismain:1": 0,
          "name:8": "Enjoy :)",
          "desc:8": "Sip your drink in your beach chair at §lsunset (IMPORTANT!!!)"
        }
      },
      "tasks:9": {
        "0:10": {
          "index:3": 0,
          "taskID:8": "bq_standard:checkbox"
        }
      },
      "rewards:9": {
        "0:10": {
          "rewardID:8": "bq_standard:item",
          "index:3": 0,
          "rewards:9": {
            "0:10": {
              "id:8": "tropicraft:encyclopedia_tropica",
              "Count:3": 1,
              "OreDict:8": "",
              "Damage:3": 0
            }
          }
        }
      }
    },
    "4:10": {
      "questID:3": 4,
      "preRequisites:11": [
        31
      ],
      "properties:10": {
        "betterquesting:10": {
          "issilent:1": 0,
          "snd_complete:8": "minecraft:entity.player.levelup",
          "lockedprogress:1": 0,
          "tasklogic:8": "AND",
          "repeattime:3": -1,
          "simultaneous:1": 0,
          "icon:10": {
            "id:8": "tropicraft:ore",
            "Count:3": 1,
            "Damage:2": 2,
            "OreDict:8": ""
          },
          "globalshare:1": 0,
          "questlogic:8": "AND",
          "partysinglereward:1": 0,
          "snd_update:8": "minecraft:entity.player.levelup",
          "autoclaim:1": 0,
          "ismain:1": 0,
          "name:8": "",
          "desc:8": ""
        }
      },
      "tasks:9": {
        "0:10": {
          "partialMatch:1": 1,
          "autoConsume:1": 0,
          "groupDetect:1": 0,
          "ignoreNBT:1": 0,
          "index:3": 0,
          "consume:1": 0,
          "requiredItems:9": {
            "0:10": {
              "id:8": "tropicraft:ore",
              "Count:3": 1,
              "OreDict:8": "",
              "Damage:3": 2
            }
          },
          "taskID:8": "bq_standard:retrieval"
        }
      },
      "rewards:9": {}
    },
    "5:10": {
      "questID:3": 5,
      "preRequisites:11": [
        4
      ],
      "properties:10": {
        "betterquesting:10": {
          "issilent:1": 0,
          "snd_complete:8": "minecraft:entity.player.levelup",
          "lockedprogress:1": 0,
          "tasklogic:8": "AND",
          "repeattime:3": -1,
          "simultaneous:1": 0,
          "icon:10": {
            "id:8": "tropicraft:yellow_flippers",
            "Count:3": 1,
            "Damage:2": 0,
            "OreDict:8": ""
          },
          "globalshare:1": 0,
          "questlogic:8": "AND",
          "partysinglereward:1": 0,
          "snd_update:8": "minecraft:entity.player.levelup",
          "autoclaim:1": 0,
          "ismain:1": 0,
          "name:8": "",
          "desc:8": ""
        }
      },
      "tasks:9": {
        "0:10": {
          "partialMatch:1": 1,
          "autoConsume:1": 0,
          "groupDetect:1": 0,
          "ignoreNBT:1": 0,
          "index:3": 0,
          "consume:1": 0,
          "requiredItems:9": {
            "0:10": {
              "id:8": "tropicraft:yellow_flippers",
              "Count:3": 1,
              "OreDict:8": "",
              "Damage:3": 0
            }
          },
          "taskID:8": "bq_standard:retrieval"
        }
      },
      "rewards:9": {}
    },
    "6:10": {
      "questID:3": 6,
      "preRequisites:11": [
        4
      ],
      "properties:10": {
        "betterquesting:10": {
          "issilent:1": 0,
          "snd_complete:8": "minecraft:entity.player.levelup",
          "lockedprogress:1": 0,
          "tasklogic:8": "AND",
          "repeattime:3": -1,
          "simultaneous:1": 0,
          "icon:10": {
            "id:8": "tropicraft:yellow_chestplate_gear",
            "Count:3": 1,
            "Damage:2": 0,
            "OreDict:8": ""
          },
          "globalshare:1": 0,
          "questlogic:8": "AND",
          "partysinglereward:1": 0,
          "snd_update:8": "minecraft:entity.player.levelup",
          "autoclaim:1": 0,
          "ismain:1": 0,
          "name:8": "",
          "desc:8": ""
        }
      },
      "tasks:9": {
        "0:10": {
          "partialMatch:1": 1,
          "autoConsume:1": 0,
          "groupDetect:1": 0,
          "ignoreNBT:1": 0,
          "index:3": 0,
          "consume:1": 0,
          "requiredItems:9": {
            "0:10": {
              "id:8": "tropicraft:yellow_chestplate_gear",
              "Count:3": 1,
              "OreDict:8": "",
              "Damage:3": 0
            }
          },
          "taskID:8": "bq_standard:retrieval"
        }
      },
      "rewards:9": {}
    },
    "7:10": {
      "questID:3": 7,
      "preRequisites:11": [
        4
      ],
      "properties:10": {
        "betterquesting:10": {
          "issilent:1": 0,
          "snd_complete:8": "minecraft:entity.player.levelup",
          "lockedprogress:1": 0,
          "tasklogic:8": "AND",
          "repeattime:3": -1,
          "simultaneous:1": 0,
          "icon:10": {
            "id:8": "tropicraft:yellow_scuba_goggles",
            "Count:3": 1,
            "Damage:2": 0,
            "OreDict:8": ""
          },
          "globalshare:1": 0,
          "questlogic:8": "AND",
          "partysinglereward:1": 0,
          "snd_update:8": "minecraft:entity.player.levelup",
          "autoclaim:1": 0,
          "ismain:1": 0,
          "name:8": "",
          "desc:8": ""
        }
      },
      "tasks:9": {
        "0:10": {
          "partialMatch:1": 1,
          "autoConsume:1": 0,
          "groupDetect:1": 0,
          "ignoreNBT:1": 0,
          "index:3": 0,
          "consume:1": 0,
          "requiredItems:9": {
            "0:10": {
              "id:8": "tropicraft:yellow_scuba_goggles",
              "Count:3": 1,
              "OreDict:8": "",
              "Damage:3": 0
            }
          },
          "taskID:8": "bq_standard:retrieval"
        }
      },
      "rewards:9": {}
    },
    "8:10": {
      "questID:3": 8,
      "preRequisites:11": [
        31
      ],
      "properties:10": {
        "betterquesting:10": {
          "issilent:1": 0,
          "snd_complete:8": "minecraft:entity.player.levelup",
          "lockedprogress:1": 0,
          "tasklogic:8": "AND",
          "repeattime:3": -1,
          "simultaneous:1": 0,
          "icon:10": {
            "id:8": "tropicraft:ore",
            "Count:3": 1,
            "Damage:2": 0,
            "OreDict:8": ""
          },
          "globalshare:1": 0,
          "questlogic:8": "AND",
          "partysinglereward:1": 0,
          "snd_update:8": "minecraft:entity.player.levelup",
          "autoclaim:1": 0,
          "ismain:1": 0,
          "name:8": "",
          "desc:8": ""
        }
      },
      "tasks:9": {
        "0:10": {
          "partialMatch:1": 1,
          "autoConsume:1": 0,
          "groupDetect:1": 0,
          "ignoreNBT:1": 0,
          "index:3": 0,
          "consume:1": 0,
          "requiredItems:9": {
            "0:10": {
              "id:8": "tropicraft:ore",
              "Count:3": 1,
              "OreDict:8": "",
              "Damage:3": 0
            }
          },
          "taskID:8": "bq_standard:retrieval"
        }
      },
      "rewards:9": {}
    },
    "9:10": {
      "questID:3": 9,
      "preRequisites:11": [
        8
      ],
      "properties:10": {
        "betterquesting:10": {
          "issilent:1": 0,
          "snd_complete:8": "minecraft:entity.player.levelup",
          "lockedprogress:1": 0,
          "tasklogic:8": "AND",
          "repeattime:3": -1,
          "simultaneous:1": 0,
          "icon:10": {
            "id:8": "tropicraft:air_compressor",
            "Count:3": 1,
            "Damage:2": 0,
            "OreDict:8": ""
          },
          "globalshare:1": 0,
          "questlogic:8": "AND",
          "partysinglereward:1": 0,
          "snd_update:8": "minecraft:entity.player.levelup",
          "autoclaim:1": 0,
          "ismain:1": 0,
          "name:8": "",
          "desc:8": ""
        }
      },
      "tasks:9": {
        "0:10": {
          "partialMatch:1": 1,
          "autoConsume:1": 0,
          "groupDetect:1": 0,
          "ignoreNBT:1": 0,
          "index:3": 0,
          "consume:1": 0,
          "requiredItems:9": {
            "0:10": {
              "id:8": "tropicraft:air_compressor",
              "Count:3": 1,
              "OreDict:8": "",
              "Damage:3": 0
            }
          },
          "taskID:8": "bq_standard:retrieval"
        }
      },
      "rewards:9": {}
    },
    "10:10": {
      "questID:3": 10,
      "preRequisites:11": [
        2
      ],
      "properties:10": {
        "betterquesting:10": {
          "issilent:1": 0,
          "snd_complete:8": "minecraft:entity.player.levelup",
          "lockedprogress:1": 0,
          "tasklogic:8": "AND",
          "repeattime:3": -1,
          "simultaneous:1": 0,
          "icon:10": {
            "id:8": "tropicraft:eudialyte",
            "Count:3": 1,
            "Damage:2": 0,
            "OreDict:8": ""
          },
          "globalshare:1": 0,
          "questlogic:8": "AND",
          "partysinglereward:1": 0,
          "snd_update:8": "minecraft:entity.player.levelup",
          "autoclaim:1": 0,
          "ismain:1": 0,
          "name:8": "",
          "desc:8": "You can craft local tools from these shards."
        }
      },
      "tasks:9": {
        "0:10": {
          "partialMatch:1": 1,
          "autoConsume:1": 0,
          "groupDetect:1": 0,
          "ignoreNBT:1": 0,
          "index:3": 0,
          "consume:1": 0,
          "requiredItems:9": {
            "0:10": {
              "id:8": "tropicraft:eudialyte",
              "Count:3": 1,
              "OreDict:8": "",
              "Damage:3": 0
            }
          },
          "taskID:8": "bq_standard:retrieval"
        }
      },
      "rewards:9": {}
    },
    "11:10": {
      "questID:3": 11,
      "preRequisites:11": [
        17
      ],
      "properties:10": {
        "betterquesting:10": {
          "issilent:1": 0,
          "snd_complete:8": "minecraft:entity.player.levelup",
          "lockedprogress:1": 0,
          "tasklogic:8": "AND",
          "repeattime:3": -1,
          "simultaneous:1": 0,
          "icon:10": {
            "id:8": "tropicraft:scale_chestplate",
            "Count:3": 1,
            "Damage:2": 0,
            "OreDict:8": ""
          },
          "globalshare:1": 0,
          "questlogic:8": "AND",
          "partysinglereward:1": 0,
          "snd_update:8": "minecraft:entity.player.levelup",
          "autoclaim:1": 0,
          "ismain:1": 0,
          "name:8": "",
          "desc:8": ""
        }
      },
      "tasks:9": {
        "0:10": {
          "partialMatch:1": 1,
          "autoConsume:1": 0,
          "groupDetect:1": 0,
          "ignoreNBT:1": 0,
          "index:3": 0,
          "consume:1": 0,
          "requiredItems:9": {
            "0:10": {
              "id:8": "tropicraft:scale_helmet",
              "Count:3": 1,
              "OreDict:8": "",
              "Damage:3": 0
            },
            "1:10": {
              "id:8": "tropicraft:scale_chestplate",
              "Count:3": 1,
              "OreDict:8": "",
              "Damage:3": 0
            },
            "2:10": {
              "id:8": "tropicraft:scale_leggings",
              "Count:3": 1,
              "OreDict:8": "",
              "Damage:3": 0
            },
            "3:10": {
              "id:8": "tropicraft:scale_boots",
              "Count:3": 1,
              "OreDict:8": "",
              "Damage:3": 0
            }
          },
          "taskID:8": "bq_standard:retrieval"
        }
      },
      "rewards:9": {}
    },
    "12:10": {
      "questID:3": 12,
      "preRequisites:11": [
        31
      ],
      "properties:10": {
        "betterquesting:10": {
          "issilent:1": 0,
          "snd_complete:8": "minecraft:entity.player.levelup",
          "lockedprogress:1": 0,
          "tasklogic:8": "AND",
          "repeattime:3": -1,
          "simultaneous:1": 0,
          "icon:10": {
            "id:8": "tropicraft:sifter",
            "Count:3": 1,
            "Damage:2": 0,
            "OreDict:8": ""
          },
          "globalshare:1": 0,
          "questlogic:8": "AND",
          "partysinglereward:1": 0,
          "snd_update:8": "minecraft:entity.player.levelup",
          "autoclaim:1": 0,
          "ismain:1": 0,
          "name:8": "",
          "desc:8": ""
        }
      },
      "tasks:9": {
        "0:10": {
          "partialMatch:1": 1,
          "autoConsume:1": 0,
          "groupDetect:1": 0,
          "ignoreNBT:1": 0,
          "index:3": 0,
          "consume:1": 0,
          "requiredItems:9": {
            "0:10": {
              "id:8": "tropicraft:sifter",
              "Count:3": 1,
              "OreDict:8": "",
              "Damage:3": 0
            }
          },
          "taskID:8": "bq_standard:retrieval"
        }
      },
      "rewards:9": {}
    },
    "13:10": {
      "questID:3": 13,
      "preRequisites:11": [
        11
      ],
      "properties:10": {
        "betterquesting:10": {
          "issilent:1": 0,
          "snd_complete:8": "minecraft:entity.player.levelup",
          "lockedprogress:1": 0,
          "tasklogic:8": "AND",
          "repeattime:3": -1,
          "simultaneous:1": 0,
          "icon:10": {
            "id:8": "tropicraft:fire_chestplate",
            "Count:3": 1,
            "Damage:2": 0,
            "OreDict:8": ""
          },
          "globalshare:1": 0,
          "questlogic:8": "AND",
          "partysinglereward:1": 0,
          "snd_update:8": "minecraft:entity.player.levelup",
          "autoclaim:1": 0,
          "ismain:1": 0,
          "name:8": "",
          "desc:8": ""
        }
      },
      "tasks:9": {
        "0:10": {
          "partialMatch:1": 1,
          "autoConsume:1": 0,
          "groupDetect:1": 0,
          "ignoreNBT:1": 0,
          "index:3": 0,
          "consume:1": 0,
          "requiredItems:9": {
            "0:10": {
              "id:8": "tropicraft:fire_helmet",
              "Count:3": 1,
              "OreDict:8": "",
              "Damage:3": 0
            },
            "1:10": {
              "id:8": "tropicraft:fire_chestplate",
              "Count:3": 1,
              "OreDict:8": "",
              "Damage:3": 0
            },
            "2:10": {
              "id:8": "tropicraft:fire_leggings",
              "Count:3": 1,
              "OreDict:8": "",
              "Damage:3": 0
            },
            "3:10": {
              "id:8": "tropicraft:fire_boots",
              "Count:3": 1,
              "OreDict:8": "",
              "Damage:3": 0
            }
          },
          "taskID:8": "bq_standard:retrieval"
        }
      },
      "rewards:9": {}
    },
    "14:10": {
      "questID:3": 14,
      "preRequisites:11": [
        15
      ],
      "properties:10": {
        "betterquesting:10": {
          "issilent:1": 0,
          "snd_complete:8": "minecraft:entity.player.levelup",
          "lockedprogress:1": 0,
          "tasklogic:8": "AND",
          "repeattime:3": -1,
          "simultaneous:1": 0,
          "icon:10": {
            "id:8": "tropicraft:drink_mixer",
            "Count:3": 1,
            "Damage:2": 0,
            "OreDict:8": ""
          },
          "globalshare:1": 0,
          "questlogic:8": "AND",
          "partysinglereward:1": 0,
          "snd_update:8": "minecraft:entity.player.levelup",
          "autoclaim:1": 0,
          "ismain:1": 0,
          "name:8": "",
          "desc:8": ""
        }
      },
      "tasks:9": {
        "0:10": {
          "partialMatch:1": 1,
          "autoConsume:1": 0,
          "groupDetect:1": 0,
          "ignoreNBT:1": 0,
          "index:3": 0,
          "consume:1": 0,
          "requiredItems:9": {
            "0:10": {
              "id:8": "tropicraft:drink_mixer",
              "Count:3": 1,
              "OreDict:8": "",
              "Damage:3": 0
            }
          },
          "taskID:8": "bq_standard:retrieval"
        }
      },
      "rewards:9": {}
    },
    "15:10": {
      "questID:3": 15,
      "preRequisites:11": [
        3
      ],
      "properties:10": {
        "betterquesting:10": {
          "issilent:1": 0,
          "snd_complete:8": "minecraft:entity.player.levelup",
          "lockedprogress:1": 0,
          "tasklogic:8": "AND",
          "repeattime:3": -1,
          "simultaneous:1": 0,
          "icon:10": {
            "id:8": "tropicraft:chunk",
            "Count:3": 1,
            "Damage:2": 0,
            "OreDict:8": ""
          },
          "globalshare:1": 0,
          "questlogic:8": "AND",
          "partysinglereward:1": 0,
          "snd_update:8": "minecraft:entity.player.levelup",
          "autoclaim:1": 0,
          "ismain:1": 0,
          "name:8": "",
          "desc:8": ""
        }
      },
      "tasks:9": {
        "0:10": {
          "partialMatch:1": 1,
          "autoConsume:1": 0,
          "groupDetect:1": 0,
          "ignoreNBT:1": 0,
          "index:3": 0,
          "consume:1": 0,
          "requiredItems:9": {
            "0:10": {
              "id:8": "tropicraft:chunk",
              "Count:3": 1,
              "OreDict:8": "",
              "Damage:3": 0
            }
          },
          "taskID:8": "bq_standard:retrieval"
        }
      },
      "rewards:9": {}
    },
    "16:10": {
      "questID:3": 16,
      "preRequisites:11": [
        4,
        9
      ],
      "properties:10": {
        "betterquesting:10": {
          "issilent:1": 0,
          "snd_complete:8": "minecraft:entity.player.levelup",
          "lockedprogress:1": 0,
          "tasklogic:8": "AND",
          "repeattime:3": -1,
          "simultaneous:1": 0,
          "icon:10": {
            "id:8": "tropicraft:yellow_scuba_tank",
            "Count:3": 1,
            "tag:10": {
              "airType:8": "regular",
              "pressure:5": 3200.0
            },
            "Damage:2": 0,
            "OreDict:8": ""
          },
          "globalshare:1": 0,
          "questlogic:8": "AND",
          "partysinglereward:1": 0,
          "snd_update:8": "minecraft:entity.player.levelup",
          "autoclaim:1": 0,
          "ismain:1": 0,
          "name:8": "",
          "desc:8": ""
        }
      },
      "tasks:9": {
        "0:10": {
          "partialMatch:1": 1,
          "autoConsume:1": 0,
          "groupDetect:1": 0,
          "ignoreNBT:1": 0,
          "index:3": 0,
          "consume:1": 0,
          "requiredItems:9": {
            "0:10": {
              "id:8": "tropicraft:yellow_scuba_tank",
              "Count:3": 1,
              "tag:10": {
                "airType:8": "regular",
                "pressure:5": 3200.0
              },
              "OreDict:8": "",
              "Damage:3": 0
            }
          },
          "taskID:8": "bq_standard:retrieval"
        }
      },
      "rewards:9": {}
    },
    "17:10": {
      "questID:3": 17,
      "preRequisites:11": [
        31
      ],
      "properties:10": {
        "betterquesting:10": {
          "issilent:1": 0,
          "snd_complete:8": "minecraft:entity.player.levelup",
          "lockedprogress:1": 0,
          "tasklogic:8": "AND",
          "repeattime:3": -1,
          "simultaneous:1": 0,
          "icon:10": {
            "id:8": "tropicraft:scale",
            "Count:3": 1,
            "Damage:2": 0,
            "OreDict:8": ""
          },
          "globalshare:1": 0,
          "questlogic:8": "AND",
          "partysinglereward:1": 0,
          "snd_update:8": "minecraft:entity.player.levelup",
          "autoclaim:1": 0,
          "ismain:1": 0,
          "name:8": "",
          "desc:8": ""
        }
      },
      "tasks:9": {
        "0:10": {
          "partialMatch:1": 1,
          "autoConsume:1": 0,
          "groupDetect:1": 0,
          "ignoreNBT:1": 0,
          "index:3": 0,
          "consume:1": 0,
          "requiredItems:9": {
            "0:10": {
              "id:8": "tropicraft:scale",
              "Count:3": 1,
              "OreDict:8": "",
              "Damage:3": 0
            }
          },
          "taskID:8": "bq_standard:retrieval"
        }
      },
      "rewards:9": {}
    },
    "18:10": {
      "questID:3": 18,
      "preRequisites:11": [
        14
      ],
      "properties:10": {
        "betterquesting:10": {
          "issilent:1": 0,
          "snd_complete:8": "minecraft:entity.player.levelup",
          "lockedprogress:1": 0,
          "tasklogic:8": "AND",
          "repeattime:3": -1,
          "simultaneous:1": 0,
          "icon:10": {
            "id:8": "tropicraft:cocktail",
            "Count:3": 1,
            "tag:10": {
              "Ingredients:9": {
                "0:10": {
                  "IngredientID:1": 0
                },
                "1:10": {
                  "IngredientID:1": 6
                },
                "2:10": {
                  "IngredientID:1": 15
                }
              },
              "Color:3": 16777215,
              "DrinkID:1": 2
            },
            "Damage:2": 0,
            "OreDict:8": ""
          },
          "globalshare:1": 0,
          "questlogic:8": "AND",
          "partysinglereward:1": 0,
          "snd_update:8": "minecraft:entity.player.levelup",
          "autoclaim:1": 0,
          "ismain:1": 0,
          "name:8": "",
          "desc:8": ""
        }
      },
      "tasks:9": {
        "0:10": {
          "partialMatch:1": 1,
          "autoConsume:1": 0,
          "groupDetect:1": 0,
          "ignoreNBT:1": 0,
          "index:3": 0,
          "consume:1": 0,
          "requiredItems:9": {
            "0:10": {
              "id:8": "tropicraft:cocktail",
              "Count:3": 1,
              "tag:10": {
                "Ingredients:9": {
                  "0:10": {
                    "IngredientID:1": 0
                  },
                  "1:10": {
                    "IngredientID:1": 6
                  },
                  "2:10": {
                    "IngredientID:1": 15
                  }
                },
                "Color:3": 16777215,
                "DrinkID:1": 2
              },
              "OreDict:8": "",
              "Damage:3": 0
            }
          },
          "taskID:8": "bq_standard:retrieval"
        }
      },
      "rewards:9": {}
    },
    "19:10": {
      "questID:3": 19,
      "preRequisites:11": [
        14
      ],
      "properties:10": {
        "betterquesting:10": {
          "issilent:1": 0,
          "snd_complete:8": "minecraft:entity.player.levelup",
          "lockedprogress:1": 0,
          "tasklogic:8": "AND",
          "repeattime:3": -1,
          "simultaneous:1": 0,
          "icon:10": {
            "id:8": "tropicraft:cocktail",
            "Count:3": 1,
            "tag:10": {
              "Ingredients:9": {
                "0:10": {
                  "IngredientID:1": 6
                },
                "1:10": {
                  "IngredientID:1": 13
                },
                "2:10": {
                  "IngredientID:1": 15
                }
              },
              "Color:3": 16777215,
              "DrinkID:1": 4
            },
            "Damage:2": 0,
            "OreDict:8": ""
          },
          "globalshare:1": 0,
          "questlogic:8": "AND",
          "partysinglereward:1": 0,
          "snd_update:8": "minecraft:entity.player.levelup",
          "autoclaim:1": 0,
          "ismain:1": 0,
          "name:8": "",
          "desc:8": ""
        }
      },
      "tasks:9": {
        "0:10": {
          "partialMatch:1": 1,
          "autoConsume:1": 0,
          "groupDetect:1": 0,
          "ignoreNBT:1": 0,
          "index:3": 0,
          "consume:1": 0,
          "requiredItems:9": {
            "0:10": {
              "id:8": "tropicraft:cocktail",
              "Count:3": 1,
              "tag:10": {
                "Ingredients:9": {
                  "0:10": {
                    "IngredientID:1": 6
                  },
                  "1:10": {
                    "IngredientID:1": 13
                  },
                  "2:10": {
                    "IngredientID:1": 15
                  }
                },
                "Color:3": 16777215,
                "DrinkID:1": 4
              },
              "OreDict:8": "",
              "Damage:3": 0
            }
          },
          "taskID:8": "bq_standard:retrieval"
        }
      },
      "rewards:9": {}
    },
    "20:10": {
      "questID:3": 20,
      "preRequisites:11": [
        14
      ],
      "properties:10": {
        "betterquesting:10": {
          "issilent:1": 0,
          "snd_complete:8": "minecraft:entity.player.levelup",
          "lockedprogress:1": 0,
          "tasklogic:8": "AND",
          "repeattime:3": -1,
          "simultaneous:1": 0,
          "icon:10": {
            "id:8": "tropicraft:cocktail",
            "Count:3": 1,
            "tag:10": {
              "Ingredients:9": {
                "0:10": {
                  "IngredientID:1": 0
                },
                "1:10": {
                  "IngredientID:1": 7
                },
                "2:10": {
                  "IngredientID:1": 15
                }
              },
              "Color:3": 16777215,
              "DrinkID:1": 3
            },
            "Damage:2": 0,
            "OreDict:8": ""
          },
          "globalshare:1": 0,
          "questlogic:8": "AND",
          "partysinglereward:1": 0,
          "snd_update:8": "minecraft:entity.player.levelup",
          "autoclaim:1": 0,
          "ismain:1": 0,
          "name:8": "",
          "desc:8": ""
        }
      },
      "tasks:9": {
        "0:10": {
          "partialMatch:1": 1,
          "autoConsume:1": 0,
          "groupDetect:1": 0,
          "ignoreNBT:1": 0,
          "index:3": 0,
          "consume:1": 0,
          "requiredItems:9": {
            "0:10": {
              "id:8": "tropicraft:cocktail",
              "Count:3": 1,
              "tag:10": {
                "Ingredients:9": {
                  "0:10": {
                    "IngredientID:1": 0
                  },
                  "1:10": {
                    "IngredientID:1": 7
                  },
                  "2:10": {
                    "IngredientID:1": 15
                  }
                },
                "Color:3": 16777215,
                "DrinkID:1": 3
              },
              "OreDict:8": "",
              "Damage:3": 0
            }
          },
          "taskID:8": "bq_standard:retrieval"
        }
      },
      "rewards:9": {}
    },
    "21:10": {
      "questID:3": 21,
      "preRequisites:11": [
        14
      ],
      "properties:10": {
        "betterquesting:10": {
          "issilent:1": 0,
          "snd_complete:8": "minecraft:entity.player.levelup",
          "lockedprogress:1": 0,
          "tasklogic:8": "AND",
          "repeattime:3": -1,
          "simultaneous:1": 0,
          "icon:10": {
            "id:8": "tropicraft:cocktail",
            "Count:3": 1,
            "tag:10": {
              "Ingredients:9": {
                "0:10": {
                  "IngredientID:1": 0
                },
                "1:10": {
                  "IngredientID:1": 5
                },
                "2:10": {
                  "IngredientID:1": 15
                }
              },
              "Color:3": 16777215,
              "DrinkID:1": 1
            },
            "Damage:2": 0,
            "OreDict:8": ""
          },
          "globalshare:1": 0,
          "questlogic:8": "AND",
          "partysinglereward:1": 0,
          "snd_update:8": "minecraft:entity.player.levelup",
          "autoclaim:1": 0,
          "ismain:1": 0,
          "name:8": "",
          "desc:8": ""
        }
      },
      "tasks:9": {
        "0:10": {
          "partialMatch:1": 1,
          "autoConsume:1": 0,
          "groupDetect:1": 0,
          "ignoreNBT:1": 0,
          "index:3": 0,
          "consume:1": 0,
          "requiredItems:9": {
            "0:10": {
              "id:8": "tropicraft:cocktail",
              "Count:3": 1,
              "tag:10": {
                "Ingredients:9": {
                  "0:10": {
                    "IngredientID:1": 0
                  },
                  "1:10": {
                    "IngredientID:1": 5
                  },
                  "2:10": {
                    "IngredientID:1": 15
                  }
                },
                "Color:3": 16777215,
                "DrinkID:1": 1
              },
              "OreDict:8": "",
              "Damage:3": 0
            }
          },
          "taskID:8": "bq_standard:retrieval"
        }
      },
      "rewards:9": {}
    },
    "22:10": {
      "questID:3": 22,
      "preRequisites:11": [
        14
      ],
      "properties:10": {
        "betterquesting:10": {
          "issilent:1": 0,
          "snd_complete:8": "minecraft:entity.player.levelup",
          "lockedprogress:1": 0,
          "tasklogic:8": "AND",
          "repeattime:3": -1,
          "simultaneous:1": 0,
          "icon:10": {
            "id:8": "tropicraft:cocktail",
            "Count:3": 1,
            "tag:10": {
              "Ingredients:9": {
                "0:10": {
                  "IngredientID:1": 6
                },
                "1:10": {
                  "IngredientID:1": 7
                },
                "2:10": {
                  "IngredientID:1": 15
                }
              },
              "Color:3": 16777215,
              "DrinkID:1": 8
            },
            "Damage:2": 0,
            "OreDict:8": ""
          },
          "globalshare:1": 0,
          "questlogic:8": "AND",
          "partysinglereward:1": 0,
          "snd_update:8": "minecraft:entity.player.levelup",
          "autoclaim:1": 0,
          "ismain:1": 0,
          "name:8": "",
          "desc:8": ""
        }
      },
      "tasks:9": {
        "0:10": {
          "partialMatch:1": 1,
          "autoConsume:1": 0,
          "groupDetect:1": 0,
          "ignoreNBT:1": 0,
          "index:3": 0,
          "consume:1": 0,
          "requiredItems:9": {
            "0:10": {
              "id:8": "tropicraft:cocktail",
              "Count:3": 1,
              "tag:10": {
                "Ingredients:9": {
                  "0:10": {
                    "IngredientID:1": 6
                  },
                  "1:10": {
                    "IngredientID:1": 7
                  },
                  "2:10": {
                    "IngredientID:1": 15
                  }
                },
                "Color:3": 16777215,
                "DrinkID:1": 8
              },
              "OreDict:8": "",
              "Damage:3": 0
            }
          },
          "taskID:8": "bq_standard:retrieval"
        }
      },
      "rewards:9": {}
    },
    "23:10": {
      "questID:3": 23,
      "preRequisites:11": [
        14
      ],
      "properties:10": {
        "betterquesting:10": {
          "issilent:1": 0,
          "snd_complete:8": "minecraft:entity.player.levelup",
          "lockedprogress:1": 0,
          "tasklogic:8": "AND",
          "repeattime:3": -1,
          "simultaneous:1": 0,
          "icon:10": {
            "id:8": "tropicraft:cocktail",
            "Count:3": 1,
            "tag:10": {
              "Ingredients:9": {
                "0:10": {
                  "IngredientID:1": 11
                },
                "1:10": {
                  "IngredientID:1": 15
                }
              },
              "Color:3": 16777215,
              "DrinkID:1": 7
            },
            "Damage:2": 0,
            "OreDict:8": ""
          },
          "globalshare:1": 0,
          "questlogic:8": "AND",
          "partysinglereward:1": 0,
          "snd_update:8": "minecraft:entity.player.levelup",
          "autoclaim:1": 0,
          "ismain:1": 0,
          "name:8": "",
          "desc:8": ""
        }
      },
      "tasks:9": {
        "0:10": {
          "partialMatch:1": 1,
          "autoConsume:1": 0,
          "groupDetect:1": 0,
          "ignoreNBT:1": 0,
          "index:3": 0,
          "consume:1": 0,
          "requiredItems:9": {
            "0:10": {
              "id:8": "tropicraft:cocktail",
              "Count:3": 1,
              "tag:10": {
                "Ingredients:9": {
                  "0:10": {
                    "IngredientID:1": 11
                  },
                  "1:10": {
                    "IngredientID:1": 15
                  }
                },
                "Color:3": 16777215,
                "DrinkID:1": 7
              },
              "OreDict:8": "",
              "Damage:3": 0
            }
          },
          "taskID:8": "bq_standard:retrieval"
        }
      },
      "rewards:9": {}
    },
    "24:10": {
      "questID:3": 24,
      "preRequisites:11": [
        14
      ],
      "properties:10": {
        "betterquesting:10": {
          "issilent:1": 0,
          "snd_complete:8": "minecraft:entity.player.levelup",
          "lockedprogress:1": 0,
          "tasklogic:8": "AND",
          "repeattime:3": -1,
          "simultaneous:1": 0,
          "icon:10": {
            "id:8": "tropicraft:cocktail",
            "Count:3": 1,
            "tag:10": {
              "Ingredients:9": {
                "0:10": {
                  "IngredientID:1": 14
                },
                "1:10": {
                  "IngredientID:1": 15
                }
              },
              "Color:3": 16777215,
              "DrinkID:1": 5
            },
            "Damage:2": 0,
            "OreDict:8": ""
          },
          "globalshare:1": 0,
          "questlogic:8": "AND",
          "partysinglereward:1": 0,
          "snd_update:8": "minecraft:entity.player.levelup",
          "autoclaim:1": 0,
          "ismain:1": 0,
          "name:8": "",
          "desc:8": ""
        }
      },
      "tasks:9": {
        "0:10": {
          "partialMatch:1": 1,
          "autoConsume:1": 0,
          "groupDetect:1": 0,
          "ignoreNBT:1": 0,
          "index:3": 0,
          "consume:1": 0,
          "requiredItems:9": {
            "0:10": {
              "id:8": "tropicraft:cocktail",
              "Count:3": 1,
              "tag:10": {
                "Ingredients:9": {
                  "0:10": {
                    "IngredientID:1": 14
                  },
                  "1:10": {
                    "IngredientID:1": 15
                  }
                },
                "Color:3": 16777215,
                "DrinkID:1": 5
              },
              "OreDict:8": "",
              "Damage:3": 0
            }
          },
          "taskID:8": "bq_standard:retrieval"
        }
      },
      "rewards:9": {}
    },
    "25:10": {
      "questID:3": 25,
      "preRequisites:11": [
        35
      ],
      "properties:10": {
        "betterquesting:10": {
          "issilent:1": 0,
          "snd_complete:8": "minecraft:entity.player.levelup",
          "lockedprogress:1": 0,
          "tasklogic:8": "AND",
          "repeattime:3": -1,
          "simultaneous:1": 0,
          "icon:10": {
            "id:8": "tropicraft:summering",
            "Count:3": 1,
            "Damage:2": 0,
            "OreDict:8": ""
          },
          "globalshare:1": 0,
          "questlogic:8": "AND",
          "partysinglereward:1": 0,
          "snd_update:8": "minecraft:entity.player.levelup",
          "autoclaim:1": 0,
          "ismain:1": 0,
          "name:8": "",
          "desc:8": ""
        }
      },
      "tasks:9": {
        "0:10": {
          "partialMatch:1": 1,
          "autoConsume:1": 0,
          "groupDetect:1": 0,
          "ignoreNBT:1": 0,
          "index:3": 0,
          "consume:1": 0,
          "requiredItems:9": {
            "0:10": {
              "id:8": "tropicraft:summering",
              "Count:3": 1,
              "OreDict:8": "",
              "Damage:3": 0
            }
          },
          "taskID:8": "bq_standard:retrieval"
        }
      },
      "rewards:9": {}
    },
    "26:10": {
      "questID:3": 26,
      "preRequisites:11": [
        35
      ],
      "properties:10": {
        "betterquesting:10": {
          "issilent:1": 0,
          "snd_complete:8": "minecraft:entity.player.levelup",
          "lockedprogress:1": 0,
          "tasklogic:8": "AND",
          "repeattime:3": -1,
          "simultaneous:1": 0,
          "icon:10": {
            "id:8": "tropicraft:eastern_isles",
            "Count:3": 1,
            "Damage:2": 0,
            "OreDict:8": ""
          },
          "globalshare:1": 0,
          "questlogic:8": "AND",
          "partysinglereward:1": 0,
          "snd_update:8": "minecraft:entity.player.levelup",
          "autoclaim:1": 0,
          "ismain:1": 0,
          "name:8": "",
          "desc:8": ""
        }
      },
      "tasks:9": {
        "0:10": {
          "partialMatch:1": 1,
          "autoConsume:1": 0,
          "groupDetect:1": 0,
          "ignoreNBT:1": 0,
          "index:3": 0,
          "consume:1": 0,
          "requiredItems:9": {
            "0:10": {
              "id:8": "tropicraft:eastern_isles",
              "Count:3": 1,
              "OreDict:8": "",
              "Damage:3": 0
            }
          },
          "taskID:8": "bq_standard:retrieval"
        }
      },
      "rewards:9": {}
    },
    "27:10": {
      "questID:3": 27,
      "preRequisites:11": [
        35
      ],
      "properties:10": {
        "betterquesting:10": {
          "issilent:1": 0,
          "snd_complete:8": "minecraft:entity.player.levelup",
          "lockedprogress:1": 0,
          "tasklogic:8": "AND",
          "repeattime:3": -1,
          "simultaneous:1": 0,
          "icon:10": {
            "id:8": "tropicraft:buried_treasure",
            "Count:3": 1,
            "Damage:2": 0,
            "OreDict:8": ""
          },
          "globalshare:1": 0,
          "questlogic:8": "AND",
          "partysinglereward:1": 0,
          "snd_update:8": "minecraft:entity.player.levelup",
          "autoclaim:1": 0,
          "ismain:1": 0,
          "name:8": "",
          "desc:8": ""
        }
      },
      "tasks:9": {
        "0:10": {
          "partialMatch:1": 1,
          "autoConsume:1": 0,
          "groupDetect:1": 0,
          "ignoreNBT:1": 0,
          "index:3": 0,
          "consume:1": 0,
          "requiredItems:9": {
            "0:10": {
              "id:8": "tropicraft:buried_treasure",
              "Count:3": 1,
              "OreDict:8": "",
              "Damage:3": 0
            }
          },
          "taskID:8": "bq_standard:retrieval"
        }
      },
      "rewards:9": {}
    },
    "28:10": {
      "questID:3": 28,
      "preRequisites:11": [
        35
      ],
      "properties:10": {
        "betterquesting:10": {
          "issilent:1": 0,
          "snd_complete:8": "minecraft:entity.player.levelup",
          "lockedprogress:1": 0,
          "tasklogic:8": "AND",
          "repeattime:3": -1,
          "simultaneous:1": 0,
          "icon:10": {
            "id:8": "tropicraft:low_tide",
            "Count:3": 1,
            "Damage:2": 0,
            "OreDict:8": ""
          },
          "globalshare:1": 0,
          "questlogic:8": "AND",
          "partysinglereward:1": 0,
          "snd_update:8": "minecraft:entity.player.levelup",
          "autoclaim:1": 0,
          "ismain:1": 0,
          "name:8": "",
          "desc:8": ""
        }
      },
      "tasks:9": {
        "0:10": {
          "partialMatch:1": 1,
          "autoConsume:1": 0,
          "groupDetect:1": 0,
          "ignoreNBT:1": 0,
          "index:3": 0,
          "consume:1": 0,
          "requiredItems:9": {
            "0:10": {
              "id:8": "tropicraft:low_tide",
              "Count:3": 1,
              "OreDict:8": "",
              "Damage:3": 0
            }
          },
          "taskID:8": "bq_standard:retrieval"
        }
      },
      "rewards:9": {}
    },
    "29:10": {
      "questID:3": 29,
      "preRequisites:11": [
        35
      ],
      "properties:10": {
        "betterquesting:10": {
          "issilent:1": 0,
          "snd_complete:8": "minecraft:entity.player.levelup",
          "lockedprogress:1": 0,
          "tasklogic:8": "AND",
          "repeattime:3": -1,
          "simultaneous:1": 0,
          "icon:10": {
            "id:8": "tropicraft:the_tribe",
            "Count:3": 1,
            "Damage:2": 0,
            "OreDict:8": ""
          },
          "globalshare:1": 0,
          "questlogic:8": "AND",
          "partysinglereward:1": 0,
          "snd_update:8": "minecraft:entity.player.levelup",
          "autoclaim:1": 0,
          "ismain:1": 0,
          "name:8": "",
          "desc:8": ""
        }
      },
      "tasks:9": {
        "0:10": {
          "partialMatch:1": 1,
          "autoConsume:1": 0,
          "groupDetect:1": 0,
          "ignoreNBT:1": 0,
          "index:3": 0,
          "consume:1": 0,
          "requiredItems:9": {
            "0:10": {
              "id:8": "tropicraft:the_tribe",
              "Count:3": 1,
              "OreDict:8": "",
              "Damage:3": 0
            }
          },
          "taskID:8": "bq_standard:retrieval"
        }
      },
      "rewards:9": {}
    },
    "30:10": {
      "questID:3": 30,
      "preRequisites:11": [
        3
      ],
      "properties:10": {
        "betterquesting:10": {
          "issilent:1": 0,
          "snd_complete:8": "minecraft:entity.player.levelup",
          "lockedprogress:1": 0,
          "tasklogic:8": "AND",
          "repeattime:3": -1,
          "simultaneous:1": 0,
          "icon:10": {
            "id:8": "tropicraft:umbrella",
            "Count:3": 1,
            "Damage:2": 2,
            "OreDict:8": ""
          },
          "globalshare:1": 0,
          "questlogic:8": "AND",
          "partysinglereward:1": 0,
          "snd_update:8": "minecraft:entity.player.levelup",
          "autoclaim:1": 0,
          "ismain:1": 0,
          "name:8": "",
          "desc:8": ""
        }
      },
      "tasks:9": {
        "0:10": {
          "partialMatch:1": 1,
          "autoConsume:1": 0,
          "groupDetect:1": 0,
          "ignoreNBT:1": 0,
          "index:3": 0,
          "consume:1": 0,
          "requiredItems:9": {
            "0:10": {
              "id:8": "tropicraft:umbrella",
              "Count:3": 1,
              "OreDict:8": "",
              "Damage:3": 2
            }
          },
          "taskID:8": "bq_standard:retrieval"
        }
      },
      "rewards:9": {}
    },
    "31:10": {
      "questID:3": 31,
      "preRequisites:11": [
        3
      ],
      "properties:10": {
        "betterquesting:10": {
          "issilent:1": 0,
          "snd_complete:8": "minecraft:entity.player.levelup",
          "lockedprogress:1": 0,
          "tasklogic:8": "AND",
          "repeattime:3": -1,
          "visibility:8": "HIDDEN",
          "simultaneous:1": 0,
          "icon:10": {
            "id:8": "minecraft:barrier",
            "Count:3": 1,
            "Damage:2": 0,
            "OreDict:8": ""
          },
          "globalshare:1": 0,
          "questlogic:8": "AND",
          "partysinglereward:1": 0,
          "snd_update:8": "minecraft:entity.player.levelup",
          "autoclaim:1": 0,
          "ismain:1": 0,
          "name:8": "",
          "desc:8": ""
        }
      },
      "tasks:9": {},
      "rewards:9": {}
    },
    "32:10": {
      "questID:3": 32,
      "preRequisites:11": [
        11
      ],
      "properties:10": {
        "betterquesting:10": {
          "issilent:1": 0,
          "snd_complete:8": "minecraft:entity.player.levelup",
          "lockedprogress:1": 0,
          "tasklogic:8": "AND",
          "repeattime:3": -1,
          "simultaneous:1": 0,
          "icon:10": {
            "id:8": "tropicraft:mask_horn_monkey",
            "Count:3": 1,
            "Damage:2": 0,
            "OreDict:8": ""
          },
          "globalshare:1": 0,
          "questlogic:8": "AND",
          "partysinglereward:1": 0,
          "snd_update:8": "minecraft:entity.player.levelup",
          "autoclaim:1": 0,
          "ismain:1": 0,
          "name:8": "",
          "desc:8": ""
        }
      },
      "tasks:9": {
        "0:10": {
          "partialMatch:1": 1,
          "autoConsume:1": 0,
          "groupDetect:1": 0,
          "ignoreNBT:1": 0,
          "index:3": 0,
          "consume:1": 0,
          "requiredItems:9": {
            "0:10": {
              "id:8": "tropicraft:mask_horn_monkey",
              "Count:3": 1,
              "OreDict:8": "",
              "Damage:3": 0
            }
          },
          "taskID:8": "bq_standard:retrieval"
        }
      },
      "rewards:9": {}
    },
    "33:10": {
      "questID:3": 33,
      "preRequisites:11": [
        11
      ],
      "properties:10": {
        "betterquesting:10": {
          "issilent:1": 0,
          "snd_complete:8": "minecraft:entity.player.levelup",
          "lockedprogress:1": 0,
          "tasklogic:8": "AND",
          "repeattime:3": -1,
          "simultaneous:1": 0,
          "icon:10": {
            "id:8": "tropicraft:mask_square_zord",
            "Count:3": 1,
            "Damage:2": 0,
            "OreDict:8": ""
          },
          "globalshare:1": 0,
          "questlogic:8": "AND",
          "partysinglereward:1": 0,
          "snd_update:8": "minecraft:entity.player.levelup",
          "autoclaim:1": 0,
          "ismain:1": 0,
          "name:8": "",
          "desc:8": ""
        }
      },
      "tasks:9": {
        "0:10": {
          "partialMatch:1": 1,
          "autoConsume:1": 0,
          "groupDetect:1": 0,
          "ignoreNBT:1": 0,
          "index:3": 0,
          "consume:1": 0,
          "requiredItems:9": {
            "0:10": {
              "id:8": "tropicraft:mask_square_zord",
              "Count:3": 1,
              "OreDict:8": "",
              "Damage:3": 0
            }
          },
          "taskID:8": "bq_standard:retrieval"
        }
      },
      "rewards:9": {}
    },
    "34:10": {
      "questID:3": 34,
      "preRequisites:11": [
        11
      ],
      "properties:10": {
        "betterquesting:10": {
          "issilent:1": 0,
          "snd_complete:8": "minecraft:entity.player.levelup",
          "lockedprogress:1": 0,
          "tasklogic:8": "AND",
          "repeattime:3": -1,
          "simultaneous:1": 0,
          "icon:10": {
            "id:8": "tropicraft:mask_bat_boy",
            "Count:3": 1,
            "Damage:2": 0,
            "OreDict:8": ""
          },
          "globalshare:1": 0,
          "questlogic:8": "AND",
          "partysinglereward:1": 0,
          "snd_update:8": "minecraft:entity.player.levelup",
          "autoclaim:1": 0,
          "ismain:1": 0,
          "name:8": "",
          "desc:8": ""
        }
      },
      "tasks:9": {
        "0:10": {
          "partialMatch:1": 1,
          "autoConsume:1": 0,
          "groupDetect:1": 0,
          "ignoreNBT:1": 0,
          "index:3": 0,
          "consume:1": 0,
          "requiredItems:9": {
            "0:10": {
              "id:8": "tropicraft:mask_bat_boy",
              "Count:3": 1,
              "OreDict:8": "",
              "Damage:3": 0
            }
          },
          "taskID:8": "bq_standard:retrieval"
        }
      },
      "rewards:9": {}
    },
    "35:10": {
      "questID:3": 35,
      "preRequisites:11": [
        12
      ],
      "properties:10": {
        "betterquesting:10": {
          "issilent:1": 0,
          "snd_complete:8": "minecraft:entity.player.levelup",
          "lockedprogress:1": 0,
          "tasklogic:8": "AND",
          "repeattime:3": -1,
          "visibility:8": "HIDDEN",
          "simultaneous:1": 0,
          "icon:10": {
            "id:8": "minecraft:barrier",
            "Count:3": 1,
            "Damage:2": 0,
            "OreDict:8": ""
          },
          "globalshare:1": 0,
          "questlogic:8": "AND",
          "partysinglereward:1": 0,
          "snd_update:8": "minecraft:entity.player.levelup",
          "autoclaim:1": 0,
          "ismain:1": 0,
          "name:8": "",
          "desc:8": ""
        }
      },
      "tasks:9": {},
      "rewards:9": {}
    },
    "36:10": {
      "questID:3": 36,
      "preRequisites:11": [
        3
      ],
      "properties:10": {
        "betterquesting:10": {
          "issilent:1": 0,
          "snd_complete:8": "minecraft:entity.player.levelup",
          "lockedprogress:1": 0,
          "tasklogic:8": "AND",
          "repeattime:3": -1,
          "simultaneous:1": 0,
          "icon:10": {
            "id:8": "tropicraft:float",
            "Count:3": 1,
            "Damage:2": 2,
            "OreDict:8": ""
          },
          "globalshare:1": 0,
          "questlogic:8": "AND",
          "partysinglereward:1": 0,
          "snd_update:8": "minecraft:entity.player.levelup",
          "autoclaim:1": 0,
          "ismain:1": 0,
          "name:8": "",
          "desc:8": ""
        }
      },
      "tasks:9": {
        "0:10": {
          "partialMatch:1": 1,
          "autoConsume:1": 0,
          "groupDetect:1": 0,
          "ignoreNBT:1": 0,
          "index:3": 0,
          "consume:1": 0,
          "requiredItems:9": {
            "0:10": {
              "id:8": "tropicraft:float",
              "Count:3": 1,
              "OreDict:8": "",
              "Damage:3": 2
            }
          },
          "taskID:8": "bq_standard:retrieval"
        }
      },
      "rewards:9": {}
    }
  },
  "questLines:9": {
    "0:10": {
      "quests:9": {
        "0:10": {
          "size:3": 24,
          "x:3": 72,
          "y:3": 54,
          "id:3": 0
        },
        "1:10": {
          "size:3": 24,
          "x:3": 72,
          "y:3": 126,
          "id:3": 1
        },
        "2:10": {
          "size:3": 24,
          "x:3": 288,
          "y:3": 54,
          "id:3": 2
        },
        "3:10": {
          "size:3": 24,
          "x:3": 144,
          "y:3": 90,
          "id:3": 3
        },
        "4:10": {
          "size:3": 24,
          "x:3": 216,
          "y:3": 54,
          "id:3": 4
        },
        "5:10": {
          "size:3": 24,
          "x:3": 144,
          "y:3": 0,
          "id:3": 5
        },
        "6:10": {
          "size:3": 24,
          "x:3": 168,
          "y:3": 0,
          "id:3": 6
        },
        "7:10": {
          "size:3": 24,
          "x:3": 192,
          "y:3": 0,
          "id:3": 7
        },
        "8:10": {
          "size:3": 24,
          "x:3": 252,
          "y:3": 54,
          "id:3": 8
        },
        "9:10": {
          "size:3": 24,
          "x:3": 252,
          "y:3": 0,
          "id:3": 9
        },
        "10:10": {
          "size:3": 24,
          "x:3": 288,
          "y:3": 0,
          "id:3": 10
        },
        "11:10": {
          "size:3": 24,
          "x:3": 252,
          "y:3": 162,
          "id:3": 11
        },
        "12:10": {
          "size:3": 24,
          "x:3": 288,
          "y:3": 90,
          "id:3": 12
        },
        "13:10": {
          "size:3": 24,
          "x:3": 288,
          "y:3": 162,
          "id:3": 13
        },
        "14:10": {
          "size:3": 24,
          "x:3": 144,
          "y:3": 162,
          "id:3": 14
        },
        "15:10": {
          "size:3": 24,
          "x:3": 144,
          "y:3": 126,
          "id:3": 15
        },
        "16:10": {
          "size:3": 24,
          "x:3": 216,
          "y:3": 0,
          "id:3": 16
        },
        "17:10": {
          "size:3": 24,
          "x:3": 252,
          "y:3": 126,
          "id:3": 17
        },
        "18:10": {
          "size:3": 24,
          "x:3": 108,
          "y:3": 198,
          "id:3": 18
        },
        "19:10": {
          "size:3": 24,
          "x:3": 120,
          "y:3": 246,
          "id:3": 19
        },
        "20:10": {
          "size:3": 24,
          "x:3": 174,
          "y:3": 222,
          "id:3": 20
        },
        "21:10": {
          "size:3": 24,
          "x:3": 144,
          "y:3": 258,
          "id:3": 21
        },
        "22:10": {
          "size:3": 24,
          "x:3": 180,
          "y:3": 198,
          "id:3": 22
        },
        "23:10": {
          "size:3": 24,
          "x:3": 168,
          "y:3": 246,
          "id:3": 23
        },
        "24:10": {
          "size:3": 24,
          "x:3": 114,
          "y:3": 222,
          "id:3": 24
        },
        "25:10": {
          "size:3": 24,
          "x:3": 324,
          "y:3": 198,
          "id:3": 25
        },
        "26:10": {
          "size:3": 24,
          "x:3": 324,
          "y:3": 90,
          "id:3": 26
        },
        "27:10": {
          "size:3": 24,
          "x:3": 324,
          "y:3": 54,
          "id:3": 27
        },
        "28:10": {
          "size:3": 24,
          "x:3": 324,
          "y:3": 162,
          "id:3": 28
        },
        "29:10": {
          "size:3": 24,
          "x:3": 324,
          "y:3": 126,
          "id:3": 29
        },
        "30:10": {
          "size:3": 24,
          "x:3": 180,
          "y:3": 126,
          "id:3": 30
        },
        "31:10": {
          "size:3": 24,
          "x:3": 252,
          "y:3": 90,
          "id:3": 31
        },
        "32:10": {
          "size:3": 24,
          "x:3": 288,
          "y:3": 198,
          "id:3": 32
        },
        "33:10": {
          "size:3": 24,
          "x:3": 216,
          "y:3": 198,
          "id:3": 33
        },
        "34:10": {
          "size:3": 24,
          "x:3": 252,
          "y:3": 198,
          "id:3": 34
        },
        "35:10": {
          "size:3": 24,
          "x:3": 288,
          "y:3": 126,
          "id:3": 35
        },
        "36:10": {
          "size:3": 24,
          "x:3": 216,
          "y:3": 126,
          "id:3": 36
        }
      },
      "lineID:3": 0,
      "properties:10": {
        "betterquesting:10": {
          "name:8": "Tropicraft",
          "bg_image:8": "",
          "bg_size:3": 256,
          "desc:8": "No Description"
        }
      },
      "order:3": 0
    }
  },
  "questSettings:10": {
    "betterquesting:10": {
      "livesdef:3": 3,
      "pack_name:8": "",
      "home_anchor_y:5": 0.0,
      "livesmax:3": 10,
      "home_anchor_x:5": 0.5,
      "editmode:1": 1,
      "hardcore:1": 0,
      "home_image:8": "betterquesting:textures/gui/default_title.png",
      "pack_version:3": 0,
      "home_offset_x:3": -128,
      "home_offset_y:3": 0
    }
  }
}